text,label,bert_prediction,variety,source
"I just returned from running a restaurant in Japan for 5 years and the local sushi is bound to be better. Here the sushi is bright and colourfully decorated and this looks great, some taste great too... but a good business also needs good customer service. It's not the staff, it's their training. When I ask for paper bag instead of plastic they should n't look at me strangely and say no! Perhaps the management should assess their effectiveness and continuous requests from customers... this is n't my first visit but it could possibly be the last.",0,1,en-AU,Google
"We got pizzas delivered last week and were impressed, so decided ro try and eat in tonight. We walked in, asked if we were able to eat in, were told "" yeah "", had to ask if we just sit anywhere, "" yeah "". After sitting for 5 minutes with no one approaching us( we were alone in the seated section) we walked out. Delivery it is! At least we got a conversation out of the poor delivery girl and got to eat the food",0,1,en-AU,Google
Love the fact this place is open and you can get pretty much everything to get you through the night. I feel like the food made for takeaway has dropped in quality for eg the butter chicken meals do n't taste like they used too and it like they try to use one sauce in two meals trying to save a dollar other than that it a good place to get you by!,1,0,en-AU,Google
"Highly recommended and yet the most bland eggs on toast I've ever had. If you could buy microwave / meal kit eggs on toast, this would have been what it looked and tasted like. Poached eggs were runny( good) but small and somehow dry( work that one out). The toast would have been amazing had it been buttered or provided with condiments of any sort. It was exactly as described but I've had plenty of eggs on toast that did n't leave me disappointed so who knows. My hot chocolate was very good. Venue was great and very popular so the coffee must be amazing. Staff were friendly. Service was quick.",0,1,en-AU,Google
Okay for a old station fuel prices are well above the average food is great,1,0,en-AU,Google
"Searched via Google maps, and walked up from the wharf. Restaurant looks good. Sat in the enclosed outdoor area which had above average decor. Service was okay, we would have hoped the staff helped recommended some dishes, but instead she stood there waiting for us struggling with what could be chilli or not, as our daughter ca n't take chilli. Let's just say that service woild be nice to have but not expected. During the seating, the staff were great. I loved how we were nearly finished with the meal, and we were the only table not offered dessert menu when every other table was offered this. We have also overheard that the dessert here was good to try. Guess we will never find out. Instead, we were told we have 10min left as there is a second seating after us. We were never told this when we were seated. Standing around waiting to pay the bill was a lengthy process. We expected two options, either pay at the table or pay at the counter as you leave. We typically do n't want to waste time so we always head towards the counter. Little did we know this counter was shared with the front desk serving customers entering the restaurant. So we have to wait for 2 parties to be seated before we could pay and leave. Would highly suggest separating bill payment and ushering incoming customers since there are more than enough staff. Food is presented nicely, however is very dear for the portion size. Wallaby dumplings, the meat was tougher than the standard consistency of dumpling meat, however tasted okay with the sauce. The duck pancakes was an interesting twist to Peking duck pancakes with smokey duck. This is something you should try if you come here. Pork cutlet was okay, a different twist to crispy skin pork. Market fish was trout, and as always with market price, was much dearer than we expected for two fillets. However the skin was nice and crispy. Vietnamese coffee did n't taste very traditional. Overall above average rating.",0,1,en-AU,Google
very nice place except some lowlife ruined the barbi.,0,1,en-AU,Google
This China town is small. Many of foreign cafes and mall. But not much chinese food and chinese theme shops around.,0,1,en-AU,Google
A fairly ordinary cafe and eggs well presented but pricing of extras on the breakfast menu over the top. 5 for a small hash brown straight out of a freezer pack!!!,0,1,en-AU,Google
"Despite the fact that my pizza order was processed incorrectly, the customer service was good, and they acknowledged their error and reimbursed me as soon as I called. Everyone makes mistakes!",1,0,en-AU,Google
"First time going here and this is what we got small peices of chicken, really was expecting more. Price is also around 2 more per box than Perth. Who give you way more value for your money.",0,1,en-AU,Google
"Over season the chips, cook the chicken to within an inch of its life, no dressing on the salad all with the hope of you buying another drink. Which turns out to be off. This venue was recommended to me by multiple people on multiple occasions turns out Townsville really does n't have a food scene. There is a really good fish tank featuring the full cast of Nemo( 2003) and service from staff was pretty good would recommend that bit.",0,1,en-AU,Google
Nice adult food. Kids meals were very bland. Spaghetti my kids said tasted like it came from a jar or can and chicken tenders may have once been tender but were too dry for my son to eat.,0,1,en-AU,Google
"We came here with quite high hopes. I knew it was a little on the expensive side, but I do n't mind paying for good food. Unfortunately this place falls a bit short The staff were very friendly but maybe too efficient. They took drinks and a plate away from our table before they were finished We started with the cob loaf sand scallops. The scallops were ok, a bit chewy in texture but overall a nice flavour. The cob loaf was strange, it was n't a traditional cob loaf at all. It's just garlic bread. A loaf sliced, a plate of butter and that's what they pass off as a cob loaf. Originally I wanted to get the steak. But it's a bit cheeky to be charging an additional 5 for sauce and more again for chips. I ve never really come across that before, but it feels super excessive for what's already an expensive cut. I ended trying the beef cheeks. They were very tender and the sauce was extremely tomato based, it was still nice. The beef was quite dry on the inside though. The creme brulee was another strange flavour. It's not something I want to try here again Finally we wanted to use the toilet but the restaurant was closed up from the inside. The lady came over which was great, she then asked if we were customers. I had paid her 5 minutes prior for the table. Just seems unnecessary and annoying for a simple bathroom visit Normally we'll leave a restaurant full or satisfied. I feel neither from this place, very average food and prices that just do n't justify the quality of food here.",0,1,en-AU,Google
"Quite busy place with good menu. Unfortunately, I and my friends left disappointed when we order passionfruit cheecake and never get it we remind the waitress second time as well it was charged on the bill. Luckily, that we checked the bill and saw it-politely of the end they asked me if I want it take way, but already my mood to eat it was gone. I believe that sometimes people get distracted and forget, which is fair enough, but this brings the rate down.",1,0,en-AU,Google
"My wife and I had n't dined here before, but an electrical outage resulted in us selecting a venue we've never visited instead of cooking at home. Walking in on a weeknight with no booking was met nonchalantly-with a very professional young bloke looking after us. I'm just going to throw this out-service levels in Australian restaurants are generally not fantastic. Not so here-a slight eye contact with our server resulted in him quietly making his way to our table-this is USA grade service minus the intrusiveness and tipping aspect-an absolute credit to this waiter and the venue. A young lady at the bar was also wonderfully attentive and pleasant. The dining area was dimly lit and quiet. We did feel a little underdressed in our work uniforms but were assured this was n't an issue. Drinks were served quickly( and there's Malbec on the wine list!). We deliberated on mains. My wife does n't normally order the steak, but settled on the medium rare rump-with salad and greens( a novel twist) with a sticky jus. I chose the medium rare eye fillet with salad and chips, and my eyes lit up when I saw Barnaise sauce on the menu as an option. Barnaise is a warm, emulsified daughter sauce of hollandaise and one of the best steak pairings alongside asparagus in my opinion. It makes a good steak great when executed well. Both our steaks were cooked perfectly medium rare-this is unusual in Toowoomba where consistency of doneness is generally poor in most venues. The steak quality was great-even the rump was tender and consistent in texture. Sauces were sadly lacking. A good jus has a gelatinous, concentrated quality that clings to meat-this one was watery, overly sweet and tasted artificial. Did I mention Barnaise is meant to be served warm ? It was served in a small ramekin, straight out of the refrigerator and lacking shallot and tarragon in both taste and appearance-it appeared to be a food service grade hollandaise. We did have room for dessert, and the Crme Brle here was delightful-the shallow ramekin made for a perfect balance between the custard and crunch of the sugar.",1,0,en-AU,Google
Great staff lovely bread EDIT; Unfortunately the staff that have now taken over are no where near as friendly or helpful here anymore. We will go to the Sunshine Plaza store now as the service has always been nicer there.,0,1,en-AU,Google
I recently dined in at this cafe and to begin with I was impressed. However when I had to continuously wave my hands at the waitress too busy looking at her phone and talking into her watch to serve me there's an issue. The staff member did n't seem to care at all. She said sorry in a smart tone. I think her name was Jas or something. The food was decent and the only reason I've given any stars. Staff who care about their customers make a difference. More training might be needed or better management of staff and smart watches.,0,1,en-AU,Google
"We went group of 4 for dinner in SOKA. We ordered cocktails which was really good. We ordered most of the starters such as lotus chips, chicken karaage which was delicious. Also order 2 noodles, fish and dessert which was really good and tempting. Overall food was staff service was unpleasant and un-welcoming. Felt like left out in the corner.",1,0,en-AU,Google
"My husband just sold his lemon of an apartment but we're only walking away with about $5k after fees etc. He's on around $75k a year and I haven't worked in two years due to health issues (was on $110k before this). I was given a disability payout by my super fund which wasn't a lot in the grand scheme of things, but it's enough for us to live on for a few years. I supplied screenshots of my bank balance as proof along with his payslips. We applied for a rental at $550/wk and got it pretty much straight away which surprised both of us tbh. So long as you can prove you're able to pay the rent you should be fine. Just be mindful that the competition for rental properties at the moment is kind of insane.",0,1,en-AU,Reddit
